id,client_id,address,created_at,updated_at
1,467,"USCGC Davis
FPO AA 85087",2020-07-14 03:01:46.879198,2025-01-06 06:33:55.079925
2,904,"Unit 1018 Box 7098
DPO AP 82292",2024-03-15 05:15:10.493253,2025-01-27 23:03:58.479985
3,465,"34375 Stacy Bridge
Port Michele, DC 89640",2022-01-23 01:26:53.577825,2025-01-22 21:45:03.540410
4,877,"99506 Irwin Forest Apt. 034
Coleview, NH 31027",2021-12-23 11:16:10.840981,2025-01-22 09:56:13.209871
5,169,"18476 Vanessa Underpass
East Sarahton, NM 84927",2023-07-27 23:18:49.289298,2025-01-18 11:03:04.612989
6,329,"8645 Salazar Mission Apt. 342
Guzmanville, WI 87074",2024-02-07 03:39:21.723390,2025-01-06 00:27:10.380807
7,273,"Unit 3251 Box 1051
DPO AE 20701",2021-11-06 03:06:50.916189,2025-01-30 17:14:15.198639
8,50,"9269 Jones Meadows Suite 335
Daniellefurt, MI 79147",2021-11-14 23:30:17.949928,2025-01-01 11:24:36.760077
9,915,"PSC 7423, Box 5940
APO AA 52548",2022-02-19 17:13:47.344523,2025-01-21 16:47:57.823030
10,491,"412 Jonathan Lights Apt. 582
East Jeremy, AZ 34781",2022-05-31 06:04:44.577651,2025-01-12 20:19:10.892858
11,341,"9301 Melissa Key Apt. 300
Melissaberg, KY 56042",2024-10-23 09:56:30.467318,2025-01-18 22:12:55.243309
12,316,"022 Brandon Divide Suite 737
North Kimberly, CO 85954",2021-04-28 23:20:21.587636,2025-01-01 22:28:49.229772
13,902,"480 Stephanie Heights Suite 312
Lake Tina, MD 22482",2023-08-01 07:11:18.332990,2025-01-20 05:02:28.418805
14,637,"2060 Wright Inlet Suite 739
East Nicholas, WY 75512",2024-10-26 02:03:43.949775,2025-01-01 12:28:02.686187
15,998,"0149 Brandon Alley Suite 335
Lisaside, KS 75402",2021-01-27 03:30:00.821602,2025-01-15 11:28:00.930969
16,165,"476 Jackson Falls Apt. 356
Hernandezville, MA 66157",2021-07-27 10:58:28.573700,2025-01-17 14:58:11.579987
17,500,"7785 Trevino Brook
East Jimmystad, DC 29082",2023-07-01 22:31:14.453609,2025-01-09 18:46:58.446065
18,279,"82353 Tracy Mission
Lake Jack, MA 73413",2021-07-29 08:53:31.360471,2025-01-27 23:28:32.169512
19,800,"31693 Joshua Isle Suite 207
East Christina, DE 89338",2020-06-12 22:03:47.816649,2025-01-20 23:54:01.445194
20,798,"504 Snyder Corner Suite 979
Christineport, MA 18411",2022-12-26 21:01:13.389196,2025-01-19 18:13:37.438398
21,974,"58648 Bowen Falls Suite 259
Lindaburgh, NV 72477",2022-06-13 06:52:47.568780,2025-01-16 04:04:05.690510
22,895,"3527 Lydia Mission
West Alison, IA 52167",2020-07-03 22:35:45.533689,2025-01-03 08:55:19.990302
23,664,"6206 Skinner Camp Suite 369
North Andrea, SC 71318",2023-09-13 17:30:09.121810,2025-01-05 17:55:01.821350
24,808,"68170 Larry Squares Apt. 554
East Austinfort, MP 58542",2020-02-12 23:56:06.765155,2025-01-15 13:38:55.502205
25,9,"251 Travis Loaf
Jasonhaven, GU 77289",2025-01-06 03:27:35.955119,2025-01-28 13:24:35.008098
26,848,"791 Webster Lodge
New Sharonshire, TX 27983",2023-08-26 22:29:52.922323,2025-01-17 22:35:29.101861
27,167,"PSC 7559, Box 2895
APO AA 45517",2020-02-20 11:50:34.796417,2025-02-01 09:11:07.484843
28,931,"5569 Norman Walks Suite 967
Hernandezfort, NH 52418",2024-03-08 22:11:48.746919,2025-01-26 02:46:39.375029
29,401,"63827 Walker Point Apt. 678
Port Briantown, IA 27038",2024-06-01 22:11:25.337517,2025-01-20 02:28:51.458299
30,201,"24782 Michael Walk
Laurentown, UT 73600",2025-02-04 02:40:53.713029,2025-01-18 04:55:50.397396
31,214,"31348 Crystal Plaza
South Jasmine, OH 23793",2023-12-09 03:43:07.516928,2025-01-18 07:22:14.590861
32,616,"4812 Ray Plaza Suite 104
New Albertburgh, UT 12618",2021-09-10 11:40:40.139199,2025-01-17 00:01:15.565479
33,893,"7178 Carroll Expressway
New Anna, NM 51896",2020-10-15 13:05:24.964080,2025-01-05 16:05:08.353823
34,850,"3000 Megan Well
South Robert, KY 87957",2023-06-09 05:59:47.618287,2025-01-10 22:00:59.588126
35,3,"64373 Wilson Isle
West Williamfort, KS 52376",2023-02-03 20:29:16.133930,2025-01-30 13:21:35.485544
36,370,"Unit 9791 Box 7361
DPO AE 11604",2023-04-11 23:39:47.011947,2025-01-08 08:58:56.329696
37,755,"0460 Williams Plain Suite 826
Port Emily, AZ 50567",2022-09-09 20:18:43.860757,2025-01-14 14:32:47.842672
38,904,"16115 Natasha Neck
Evansbury, HI 27711",2020-10-18 19:06:25.295528,2025-01-17 08:19:51.387736
39,819,"782 Reed Corner
Lake Summer, IN 57583",2021-10-15 11:04:28.197548,2025-01-27 17:35:21.844064
40,56,"958 Kennedy Shore Suite 650
Dylantown, FL 75656",2023-04-13 08:36:23.215627,2025-01-27 19:26:23.569725
41,219,"Unit 7499 Box 7952
DPO AA 23544",2022-11-20 05:10:11.252472,2025-01-22 00:57:17.894184
42,351,"1481 Collin Throughway Apt. 072
Wardview, VI 12007",2020-02-02 01:52:43.856196,2025-01-11 17:20:50.150951
43,966,"800 Blake Mills Suite 720
Calebfurt, IN 71226",2021-10-15 20:11:33.591575,2025-01-25 04:13:36.284305
44,71,"8087 Walker Haven Suite 423
Donnaside, NH 57818",2022-07-09 23:28:09.439740,2025-01-20 03:36:20.763300
45,661,"52054 Johnson Valley
Kiaraborough, VT 18697",2022-08-27 23:05:41.647264,2025-02-02 17:16:13.831956
46,62,"898 Sierra Mews
Vanessamouth, MO 55460",2024-02-19 08:53:00.444822,2025-01-02 19:07:17.814443
47,765,"3227 Potts Fords Apt. 451
Nelsonport, MT 99605",2023-09-01 10:04:24.860377,2025-01-31 10:07:56.475943
48,579,"3226 Ellis Flats Suite 819
Michaelstad, FL 94345",2024-04-09 22:15:11.518400,2025-01-11 00:50:06.029862
49,516,"683 Tina Valleys
Debraland, KY 25654",2020-01-18 14:49:03.882759,2025-01-04 22:23:35.616623
50,775,"PSC 1114, Box 8391
APO AE 26507",2020-04-18 23:30:40.943176,2025-01-22 02:18:59.112961
51,616,"USS Barr
FPO AA 68364",2021-10-17 23:35:08.082783,2025-02-03 08:44:18.605188
52,648,"0011 Tucker Overpass Suite 775
South Stanleyland, FL 13967",2021-01-10 12:47:40.023047,2025-01-05 09:11:18.709285
53,49,"448 Clark Stravenue
Johnsonside, VT 27640",2024-10-20 01:45:53.071097,2025-01-19 22:29:29.497163
54,227,"06699 Ryan Summit
West Michelle, WI 15873",2022-12-16 07:16:10.825396,2025-01-04 02:31:29.183863
55,199,"86933 Rebecca Mount Apt. 167
Martinezhaven, NC 75900",2024-08-26 23:21:45.434552,2025-01-17 04:03:50.393546
56,454,"6947 Max Creek Suite 628
Stephanieview, NV 83301",2021-07-01 01:41:09.741331,2025-01-10 18:12:39.135782
57,752,"0848 Peters Junctions Suite 902
Sherriville, PA 90402",2020-10-12 22:11:52.807520,2025-01-22 09:10:57.786093
58,958,"5749 Stevens Road Apt. 783
Port Melanie, ND 19230",2021-06-09 07:52:51.636595,2025-01-11 14:10:57.999154
59,500,"PSC 5530, Box 6168
APO AE 16633",2021-09-15 00:02:54.325180,2025-01-27 21:50:52.585443
60,415,"134 Zachary Inlet
Lake Jessicaburgh, ID 25720",2022-09-16 09:09:27.230312,2025-01-13 11:13:25.485065
61,441,"27002 Mejia Lakes
Arnoldfurt, PA 69048",2023-12-08 23:08:15.773334,2025-01-15 18:57:47.732543
62,929,"75173 Leah Shores
Lawsonfurt, WA 96411",2021-11-26 12:47:12.461562,2025-01-16 05:35:04.588089
63,357,"2274 Heidi Divide Suite 472
Klinehaven, IN 71925",2020-08-21 15:12:56.863909,2025-01-20 05:43:41.296771
64,693,"2738 Stephens Station Suite 809
South Kimshire, AL 98028",2023-01-15 12:29:25.762382,2025-01-12 13:33:03.265969
65,607,"9505 Patrick Glens Suite 399
Javierchester, OR 82302",2020-08-16 06:54:39.707109,2025-01-23 14:45:03.226451
66,135,"176 Carter Orchard
Heatherport, NY 17334",2023-07-04 12:02:38.730943,2025-01-17 17:33:55.090323
67,881,"USCGC Martin
FPO AP 33510",2021-01-08 12:22:23.940916,2025-01-03 04:21:05.488237
68,837,"PSC 5380, Box 9604
APO AE 70828",2021-01-12 00:43:13.943019,2025-01-27 21:40:03.555115
69,904,"5897 Lori Curve Suite 538
North Sarahfurt, LA 22672",2021-05-01 01:51:21.767653,2025-01-11 05:14:40.270551
70,561,"7041 Ross Cove Suite 287
Campbellberg, SD 02046",2024-03-31 14:19:09.631990,2025-01-11 14:27:59.725322
71,171,"171 Michael Inlet Suite 612
South Susan, ME 67128",2022-05-17 14:06:24.344935,2025-01-02 14:29:59.241011
72,528,"6143 Denise Field Apt. 486
New Ericfurt, CT 16836",2021-05-23 01:38:18.093714,2025-01-11 02:30:32.578908
73,603,"642 Michael Island Suite 238
Sandraview, MD 16102",2023-10-23 06:09:14.590403,2025-01-30 10:12:22.466646
74,340,"328 Diaz Throughway
New Gordonland, MD 62054",2023-06-11 14:24:58.103104,2025-01-29 00:56:24.444810
75,361,"236 Shelley Burgs
Colemanburgh, WI 17848",2020-08-21 05:11:46.588058,2025-01-23 11:47:18.068344
76,142,"935 Odonnell Expressway
Hendersonport, MD 76631",2024-05-17 02:40:26.541286,2025-01-07 22:36:47.795243
77,486,"350 Key Meadows
Cherrymouth, AZ 62252",2020-11-03 20:29:02.395508,2025-01-12 00:00:39.947176
78,176,"Unit 6297 Box 9583
DPO AP 78399",2023-02-04 06:05:19.284059,2025-01-20 01:09:40.899923
79,973,"2952 Johnson Park Apt. 346
South Tracy, TN 96511",2021-05-29 05:28:34.195216,2025-01-01 18:30:45.132848
80,8,"11507 Sarah Ridges Suite 284
New Eric, PW 06556",2021-03-11 12:02:27.487999,2025-01-25 18:30:26.921272
81,655,"12076 Nunez Lodge
Beckview, MP 81341",2022-02-04 00:31:42.091650,2025-01-24 22:55:22.616862
82,325,"6295 French Via Apt. 440
New Ashley, OK 36630",2022-07-02 07:00:48.583537,2025-01-01 17:34:07.518374
83,8,"496 Ronald Drives Apt. 926
North Kevinfort, OR 10713",2023-09-17 08:53:18.794599,2025-01-24 21:00:20.542885
84,298,"835 Mclaughlin Stravenue
Ryantown, RI 42020",2020-09-28 12:57:17.125792,2025-01-20 13:54:18.393145
85,946,"3648 Hanna Villages
Kimberlymouth, NE 21531",2025-01-03 00:05:42.097313,2025-01-23 07:50:10.981019
86,193,"214 Randolph Village Apt. 069
Sabrinaburgh, PR 90054",2020-04-04 21:16:28.652051,2025-01-31 22:02:58.150788
87,187,"631 Watkins Coves Suite 100
Hendersonport, NV 63721",2024-05-17 23:32:01.983195,2025-01-02 00:55:23.161937
88,586,"PSC 1745, Box 8949
APO AA 68849",2023-07-19 20:58:45.836223,2025-02-03 22:37:44.500832
89,907,"15183 Emily Cliff
South Justinhaven, NJ 42434",2023-04-29 22:28:35.442677,2025-01-23 15:57:26.221767
90,354,"719 Boyd Parks
Port John, WV 77132",2024-10-08 11:58:27.264528,2025-01-11 16:08:34.019023
91,222,"USS Meyer
FPO AE 50042",2024-02-12 05:29:08.548872,2025-02-02 08:35:18.650391
92,83,"3383 Garcia Mountain
Danashire, CA 24462",2023-11-19 10:54:41.354151,2025-01-02 16:36:26.931119
93,852,"856 Eric Pike
South Derekhaven, LA 28998",2022-02-02 18:17:49.496330,2025-01-04 08:29:44.353414
94,152,"342 Shelton Trail
New Lauraside, WV 15163",2023-02-02 22:13:54.688730,2025-01-13 03:18:23.306179
95,83,"9417 Fowler Pass Apt. 744
South Deborah, WY 56113",2022-12-26 03:42:50.730696,2025-01-06 03:41:19.992059
96,656,"566 Vanessa Extensions
East Whitney, NJ 56405",2020-08-21 20:08:06.988738,2025-01-07 23:35:33.287466
97,847,"USNV Washington
FPO AE 27674",2024-01-16 21:42:17.715148,2025-01-12 04:24:27.201437
98,521,"5420 Eileen Trace
Braunton, AS 85283",2022-07-02 17:12:13.968021,2025-01-10 07:48:33.817297
99,31,"93139 Lisa Trail
Darrenville, NC 89736",2024-05-19 03:02:01.725718,2025-01-09 07:17:25.137112
100,415,"2115 Jennifer Via
New Jonathan, NV 70296",2021-06-27 09:32:43.356734,2025-01-30 13:52:36.798415
101,847,"059 Brianna View
West Justinport, FL 13744",2023-05-08 11:07:26.014045,2025-01-02 05:04:32.028864
102,195,"PSC 2897, Box 0630
APO AE 53009",2022-11-29 20:45:40.862323,2025-01-31 01:26:24.093381
103,57,"046 White Drive Suite 396
Bryanchester, IA 39666",2020-12-13 01:57:08.472249,2025-01-06 14:28:18.844849
104,651,"311 Derek Landing Suite 258
Dianeville, KY 57969",2022-08-08 19:25:40.001484,2025-01-13 18:07:42.343280
105,553,"19964 Duke Ford
South Brian, VT 39440",2024-03-14 11:25:42.832349,2025-01-13 11:53:26.790034
106,593,"257 Graves Course
East Abigailland, GU 04920",2020-06-20 00:39:15.738975,2025-01-31 23:18:39.158161
107,692,"340 Ruiz Burg
Smithfurt, PR 29742",2021-06-29 15:01:27.328749,2025-02-02 01:17:51.844975
108,830,"787 Patricia Canyon Suite 174
Port Gina, MP 10173",2023-09-11 23:08:24.997334,2025-01-06 06:25:46.474618
109,265,"Unit 7686 Box 1516
DPO AP 70300",2023-08-10 09:32:21.264110,2025-01-02 22:32:38.017932
110,97,"0801 Taylor Orchard Apt. 776
Randyfurt, OK 49983",2023-05-08 02:15:58.122067,2025-01-09 08:27:17.420053
111,220,"170 Prince Extension Apt. 145
Kristinborough, OR 00629",2023-08-10 22:59:11.611713,2025-01-17 08:58:57.616493
112,115,"10732 Ruiz Ports Apt. 736
South Jessica, FM 78606",2021-03-13 23:28:23.418699,2025-01-16 16:44:50.991695
113,74,"90373 Olson Estates Suite 538
Johnland, LA 15600",2024-09-09 19:02:47.358158,2025-01-23 08:43:04.162461
114,410,"3721 Molly Trail
West Carolyn, DE 08805",2023-10-11 13:50:47.710501,2025-01-18 06:50:22.979211
115,340,"925 Haley Ranch
Atkinsmouth, SD 43204",2020-01-27 01:12:24.210554,2025-01-21 21:23:03.382094
116,77,"6749 Kelly Rest
Cooleyside, MP 62806",2025-01-31 01:36:41.216841,2025-01-02 10:26:23.495487
117,391,"78172 Esparza Mission
Samanthastad, CA 47950",2024-05-20 09:47:34.953927,2025-02-02 04:16:08.578635
118,954,"4361 Hahn Run
Meganborough, GU 46881",2022-08-10 11:40:20.893139,2025-01-13 22:28:51.033546
119,791,"097 Michelle Ville
East Amanda, RI 72812",2022-10-11 12:46:15.335585,2025-01-19 14:32:57.986102
120,207,"7141 Linda Summit
South Jessicaborough, TN 71349",2024-05-17 19:02:01.342232,2025-01-14 00:23:53.591556
121,60,"311 Meyer Port Suite 885
North Maria, KS 56821",2024-08-22 07:56:31.786249,2025-01-10 22:53:20.597995
122,687,"24127 Frederick Haven Apt. 390
South Alexander, MP 32463",2024-11-29 11:12:09.094958,2025-01-07 02:38:28.954012
123,865,"8906 Valencia Isle
North Nicholas, TX 73394",2021-12-06 10:30:14.503299,2025-01-30 20:35:00.015024
124,6,"8741 Cohen Corners
Lake Angelaville, NM 12280",2024-07-10 08:20:02.241229,2025-01-10 21:15:36.607082
125,924,"447 Morgan Isle Suite 900
West Michelleton, NH 21425",2020-12-16 16:13:32.719557,2025-01-15 03:38:46.296558
126,972,"Unit 4839 Box 5650
DPO AP 14176",2023-02-20 19:53:11.856706,2025-01-07 01:05:26.737450
127,161,"622 Shawna Creek
Robertaborough, LA 08001",2024-07-01 18:51:35.646071,2025-01-12 12:57:44.756337
128,669,"00738 Charles River
Maryton, KS 40543",2020-11-04 18:19:19.492962,2025-01-27 02:54:11.479707
129,538,"9583 Williams Island
Martinview, DE 95888",2024-04-25 05:48:48.410979,2025-01-30 22:45:05.368384
130,564,"USS Barber
FPO AP 10157",2023-03-02 11:49:10.151931,2025-01-30 04:13:16.638623
131,669,"68628 Rita Curve Apt. 438
New Sarahbury, PR 29522",2024-10-23 12:07:41.757270,2025-01-08 02:08:01.858059
132,220,"32607 James Rest Suite 914
Rebeccaview, MD 23797",2021-04-16 22:43:03.827796,2025-01-25 20:33:00.985604
133,797,"893 Mario Turnpike Apt. 762
Jacksonburgh, MT 52057",2022-09-08 04:09:01.842800,2025-01-25 20:04:15.756998
134,824,"0475 Smith Port
Arthurport, CT 77401",2024-04-18 02:32:38.796484,2025-01-27 07:48:38.966957
135,633,"38288 April Club
West Mitchell, MS 85435",2024-02-09 20:56:15.116936,2025-02-04 06:12:19.603344
136,462,"USNV Carey
FPO AA 11444",2024-01-18 10:52:26.781809,2025-01-07 22:43:13.458717
137,311,"410 Chase Cove Apt. 567
West Nicole, IA 46842",2021-04-27 08:29:45.951739,2025-01-31 13:32:28.840904
138,812,"04206 Koch Loop Suite 992
Port Meganside, RI 76479",2022-05-03 07:11:20.877849,2025-01-21 09:16:55.349145
139,262,"79921 Harrison Falls Suite 914
Dominiquefurt, UT 05764",2023-08-27 11:04:33.397998,2025-01-14 06:15:30.373603
140,557,"124 John Walk
Floresbury, MN 86640",2020-10-13 21:04:01.536294,2025-01-19 13:22:28.061449
141,452,"268 Hernandez Vista
Lake Emily, PW 15544",2022-06-15 14:44:16.411016,2025-02-01 06:55:42.252832
142,506,"07338 Gabriel Motorway
South Todd, KY 83566",2020-06-11 09:15:48.843515,2025-01-17 04:04:08.560626
143,208,"0568 Kimberly Ferry
East Graceberg, GU 61375",2020-12-27 15:57:33.409447,2025-01-26 18:23:01.687796
144,436,"2872 Kevin Manors
Ellismouth, DC 73335",2023-06-22 21:49:58.520650,2025-01-30 21:55:31.253640
145,654,"1402 Carney Street Apt. 457
Johnbury, GU 65399",2020-10-06 03:32:58.649405,2025-01-20 19:26:28.188161
146,214,"20509 Andrew Hills Suite 895
Nguyenborough, FM 56734",2022-06-04 21:29:40.256501,2025-01-10 15:29:05.075865
147,445,"043 Rocha Light Apt. 287
Williamsberg, VI 43302",2021-10-16 02:22:39.994875,2025-01-03 11:48:59.749083
148,625,"76890 Hoffman Groves Suite 008
East Claudia, IL 83151",2023-08-15 00:41:48.682940,2025-01-05 23:12:53.508185
149,65,"58404 Smith Knolls
West Erica, AR 45481",2024-03-18 10:44:52.969139,2025-01-24 11:42:53.563435
150,44,"330 Stanley Lakes
Port Elizabethton, WY 78445",2022-07-25 08:15:19.857962,2025-01-23 12:13:19.304609
151,976,"59700 Emily Mill
East Glenn, MD 68078",2024-11-24 20:05:51.274829,2025-01-09 06:12:27.953729
152,773,"918 Matthew Valley
Hugheston, OK 12219",2022-03-28 12:41:06.695897,2025-01-25 19:49:11.002891
153,821,"107 John Coves
Whiteburgh, RI 28037",2022-07-17 00:50:50.705301,2025-01-12 21:11:58.599536
154,386,"179 Caitlin Flat
Lake James, RI 83317",2021-06-19 16:31:44.241674,2025-01-01 13:04:20.658941
155,844,"3660 Lisa Vista Apt. 394
Lake Davidmouth, VI 60401",2023-07-06 23:17:47.685576,2025-01-17 14:02:03.021748
156,557,"841 Robert Station Apt. 599
Wilsonport, WA 20267",2023-02-22 07:29:22.358274,2025-01-29 03:32:22.716152
157,24,"3474 Wanda Island Suite 951
East Jenniferton, OR 67656",2023-06-21 14:09:59.220630,2025-01-28 09:29:13.004373
158,792,"7112 Kellie Islands Suite 645
New Amber, AR 78575",2024-12-08 10:23:11.209640,2025-02-01 16:58:52.843317
159,559,"1168 John Flats
West Mary, TN 57175",2020-04-19 10:54:50.531204,2025-01-10 22:01:59.357508
160,687,"9484 Edwards Mission
Robertport, SD 38329",2024-10-29 15:57:47.815818,2025-01-12 18:42:49.221900
161,968,"USS Walker
FPO AA 84211",2023-07-09 11:00:12.260315,2025-01-22 09:30:02.467097
162,490,"387 Eric Fort Suite 169
Farmerhaven, OH 09514",2021-07-30 21:09:00.759765,2025-01-02 20:53:11.280638
163,631,"0282 Shea Ridges
East Keithmouth, NE 84566",2023-01-10 21:48:38.371025,2025-01-07 00:55:18.250227
164,210,"50743 Eric Islands
Michaelfurt, KS 72504",2024-05-03 10:22:51.493789,2025-01-26 21:29:44.296370
165,842,"41814 Krista Lodge Apt. 182
North Natashaville, MA 73522",2021-03-07 18:39:33.184579,2025-01-07 11:57:56.787998
166,299,"94340 Stevens Courts
Boylestad, WV 86337",2024-06-08 06:35:02.870257,2025-01-25 10:22:38.933092
167,182,"3236 Ashley Shoal
South Markmouth, KY 78783",2022-08-31 12:05:32.538057,2025-01-14 12:49:58.753665
168,69,"4091 Alicia Flats Apt. 627
New Cory, TX 22493",2023-02-20 07:48:05.939463,2025-01-04 23:26:01.724337
169,388,"2728 Gary Mountain Suite 528
Stevenmouth, IL 18597",2023-07-03 11:54:34.944919,2025-01-10 12:19:56.659569
170,645,"Unit 6272 Box 8516
DPO AP 60583",2021-08-12 20:38:56.263465,2025-01-06 14:19:58.255195
171,138,"373 Brooks Extensions
West Peggy, MN 14933",2023-10-03 09:56:05.510814,2025-01-03 11:50:26.952390
172,898,"78058 Andrea Ports Apt. 516
Scottmouth, NJ 12246",2024-06-07 21:24:50.257432,2025-01-18 00:45:54.423287
173,944,"415 Jacob Corners Apt. 549
Port Davidbury, VT 78005",2024-01-31 12:57:32.854827,2025-01-22 18:04:14.346742
174,366,"56823 James Light
North Garrett, WY 61426",2024-06-11 07:11:22.805503,2025-01-06 22:41:52.306605
175,331,"27170 Robert Ports
Marthamouth, OK 85857",2023-11-03 15:15:16.261026,2025-01-25 17:38:34.740514
176,284,"366 Justin Rest
Lake Micheleside, OH 83322",2023-08-12 01:25:09.692543,2025-01-07 08:44:51.492769
177,696,"5083 Dwayne Canyon Apt. 110
Port Nathaniel, VI 45601",2023-07-31 13:13:49.925486,2025-01-26 10:07:56.222804
178,496,"USS Smith
FPO AE 88527",2023-09-07 20:43:10.029602,2025-01-10 20:28:35.705492
179,533,"5155 Christopher Common
Kevinchester, ID 35274",2023-12-30 17:59:31.965811,2025-01-16 17:13:33.482447
180,633,"7457 Jose Streets Suite 658
West Michaelview, RI 45034",2023-11-24 07:10:52.570298,2025-01-26 03:35:20.874142
181,167,"714 Berry Estate
Leeville, MP 41547",2023-01-14 00:19:12.723066,2025-01-13 10:55:27.718425
182,47,"86182 Kelly Cliff Apt. 607
Lake Annette, NV 36588",2022-10-30 02:45:31.496440,2025-01-09 01:58:32.327863
183,712,"2031 Dean Cove
Sharonbury, FL 16058",2025-01-16 22:24:37.943962,2025-01-26 19:44:44.813842
184,343,"6865 Moore Plaza
Petersborough, PR 64580",2023-01-02 20:39:22.728152,2025-01-04 23:00:12.357418
185,532,"353 Miller River
Benderstad, WI 75065",2020-01-27 09:39:38.909770,2025-01-25 04:21:25.337553
186,142,"1667 Edwin Cliffs
New Matthew, OK 94767",2024-07-25 18:46:21.940233,2025-01-07 06:45:31.548923
187,78,"1282 Snyder Stream Apt. 429
West Timothy, GU 58094",2022-11-29 22:38:43.126858,2025-01-19 19:55:54.703290
188,551,"USNV Francis
FPO AP 76744",2023-03-06 11:39:44.496043,2025-01-20 11:01:00.704050
189,562,"4216 Daniel Neck
Dwayneton, FM 70188",2024-11-03 06:11:30.215758,2025-01-28 19:43:16.734834
190,393,"48699 Lester Shoal
Nancybury, TX 13653",2023-11-08 12:29:04.841172,2025-01-01 20:31:06.634088
191,875,"06291 Mary Glen
Adamsport, NM 37521",2021-07-31 22:40:31.563675,2025-01-08 02:12:48.872966
192,903,"396 Brandon Shoals
New Charlesview, NH 97821",2024-02-04 02:58:02.544552,2025-01-22 15:44:54.201974
193,116,"594 Blair Fields
North Andrewton, CA 80626",2021-12-02 18:05:08.910986,2025-01-14 11:26:08.391499
194,904,"08829 Evan Groves
Emilyville, OK 31863",2020-10-24 03:01:26.794902,2025-02-02 00:08:08.911848
195,18,"70051 Patty Walks Suite 791
Melendezland, KS 33765",2020-08-26 14:27:56.715614,2025-01-16 15:11:31.436655
196,578,"3674 Mitchell Lodge
Port Brianbury, AK 21909",2020-11-09 09:20:44.368138,2025-01-09 18:47:05.368138
197,875,"3578 Thompson Gateway
Adamsberg, AS 20128",2024-04-17 12:23:35.787906,2025-01-28 05:06:10.398420
198,657,"0624 Latoya Loop
Lake Tara, OH 61311",2024-09-27 19:05:32.145251,2025-01-05 03:17:31.556543
199,644,"69935 Alexander Mills Suite 342
West Jason, NY 43845",2020-05-24 18:05:20.726829,2025-01-15 04:43:56.841276
200,92,"24044 Martin Via Suite 100
South Paul, IN 73264",2020-06-21 02:14:11.229378,2025-01-14 15:14:33.771619
201,630,"346 Morton Plaza
Tracyhaven, DE 00954",2024-07-22 10:10:59.432253,2025-01-12 19:45:57.796637
202,536,"4346 Palmer Mountain
North Benjaminland, CO 96450",2024-07-18 03:42:50.196226,2025-01-16 04:30:48.628297
203,989,"97696 Peggy Mountain Suite 794
West Denisehaven, AR 88988",2020-11-21 03:46:51.724274,2025-01-03 19:52:16.239673
204,567,"7746 Shannon Cape Apt. 502
Gallegosland, NM 10410",2023-09-17 13:08:37.755721,2025-01-26 14:01:22.431938
205,652,"4527 Phillips Bridge
Norrisberg, CO 55767",2023-07-08 04:19:27.094806,2025-01-07 14:39:22.159050
206,342,"472 Montoya Village Apt. 110
South Robertmouth, CT 00880",2021-07-19 06:45:47.211016,2025-01-07 16:16:10.434340
207,559,"8809 Cruz Stravenue Suite 978
Morrisview, TX 37202",2022-01-14 05:09:21.261246,2025-01-07 22:33:19.212874
208,522,"232 Michele Flat Suite 165
Noahfurt, GA 13413",2020-03-28 15:03:35.220204,2025-01-01 15:39:59.495722
209,831,"170 Colleen Isle
Lake Andrewmouth, WY 39211",2022-08-02 03:11:55.212624,2025-01-25 22:32:48.529470
210,662,"2803 Robles Squares
North Erinport, CA 55773",2020-08-19 00:08:39.581027,2025-02-03 17:11:17.583058
211,774,"7709 Young Mountains
Murphymouth, IA 11135",2024-12-15 13:12:31.151141,2025-01-13 07:25:46.016988
212,75,"772 James Circles Suite 287
Kyleville, NH 41257",2020-05-31 21:21:02.777296,2025-01-08 11:01:47.529514
213,24,"13439 William Drive Apt. 005
North Lindsayport, CT 95239",2021-09-11 07:21:50.828396,2025-01-13 09:45:12.520249
214,850,"22063 Scott Causeway
East Nichole, TN 42413",2021-01-19 23:11:01.821350,2025-01-20 13:23:27.131715
215,801,"043 Tiffany Highway
Evansfort, VA 38621",2020-09-09 15:03:38.536537,2025-02-02 01:45:52.700179
216,949,"97760 Copeland Estates Suite 436
Harrisland, NY 57352",2020-04-20 12:42:41.677099,2025-01-06 12:51:33.532965
217,80,"35773 Ford Union
South Christinaland, SD 77037",2021-04-24 23:20:12.106188,2025-01-24 02:03:42.305304
218,622,"96962 Johnson Route
Larryfurt, MI 36082",2023-05-26 23:32:39.727275,2025-01-22 19:13:54.858280
219,316,"16313 Wiley Manor
North Wandastad, DC 99874",2020-05-03 16:36:08.249832,2025-01-04 18:21:42.765596
220,156,"Unit 8524 Box 0626
DPO AE 42158",2020-07-12 16:02:19.811148,2025-01-28 08:09:54.600521
221,206,"0259 Welch Club Suite 934
Timothybury, NV 62976",2023-07-26 02:03:27.228523,2025-01-14 01:26:30.743959
222,975,"824 Burke Turnpike
Josephtown, DE 52168",2021-05-27 11:35:47.717808,2025-01-21 11:30:33.135697
223,261,"48622 Sheila Causeway Apt. 557
Moorefurt, CO 14004",2020-02-21 08:27:29.679645,2025-02-02 08:39:52.396680
224,273,"3101 Cortez Route
Williamsbury, IL 14367",2023-03-27 06:34:35.302911,2025-01-20 15:37:00.520005
225,129,"104 Christensen Mission Apt. 968
Richardberg, MP 97856",2020-02-14 16:11:58.993763,2025-01-25 07:03:34.104698
226,783,"PSC 5026, Box 9519
APO AP 80902",2023-07-27 19:54:00.311505,2025-01-15 01:33:42.446635
227,347,"0550 Dunn Mountain
Marshtown, WA 13416",2024-06-12 23:41:54.742724,2025-01-06 07:07:04.978189
228,224,"52832 Barbara Wells
Whiteburgh, WI 27514",2020-12-31 07:21:11.557349,2025-01-24 20:10:33.611209
229,302,"14119 Nicholas Park
East Deannaborough, KS 94020",2023-07-19 19:24:13.815841,2025-01-15 10:57:16.651274
230,366,"1471 Brown Avenue Apt. 535
Andrewland, RI 40405",2024-03-21 06:46:09.846181,2025-01-05 19:16:44.411953
231,786,"361 Davis Ridge Suite 782
Lake Christyberg, PA 46963",2023-09-25 19:38:45.596133,2025-01-21 04:41:52.874206
232,567,"95367 Allen Lock
Lake Elizabeth, OR 02631",2020-09-24 18:08:03.499411,2025-01-20 03:28:58.833045
233,252,"9198 Joseph Isle
Port Martha, ID 75222",2020-12-15 08:36:46.593239,2025-01-19 01:53:25.546982
234,495,"1153 Sharon Pike Apt. 424
Sandraburgh, OR 01898",2020-04-07 23:28:02.327423,2025-01-03 09:16:33.485697
235,517,"2576 Baldwin Bypass Apt. 963
Fordview, WI 28055",2021-07-16 10:43:56.946470,2025-01-15 22:57:38.248581
236,167,"4229 Gonzalez Mews Apt. 691
Jonesfort, LA 02543",2020-08-24 00:56:53.706768,2025-01-08 17:11:59.396605
237,322,"51653 Singleton Brook
Allenstad, WV 47496",2023-09-03 12:59:59.908535,2025-01-18 10:17:39.064141
238,979,"PSC 7544, Box 8132
APO AP 08683",2024-01-03 16:49:08.252396,2025-01-19 10:51:29.802644
239,81,"USNV Johnson
FPO AE 90137",2021-04-09 22:54:42.352148,2025-01-04 08:14:57.564028
240,789,"112 Alvarez Drive
Hectorland, ND 67510",2023-03-02 00:08:06.683202,2025-01-29 16:33:35.020982
241,781,"578 William Tunnel Apt. 558
North Anthony, AS 81751",2020-12-06 11:52:36.866674,2025-01-10 00:03:22.388646
242,312,"372 Rios Springs
Millerport, GU 82350",2022-10-18 02:03:53.471664,2025-01-26 12:24:15.352187
243,986,"541 Renee Vista Suite 599
Avilaview, PA 24068",2021-06-04 18:30:25.375798,2025-01-27 18:54:06.190188
244,63,"871 Hill Mall
Sharonton, MS 84959",2023-06-20 08:55:37.736027,2025-01-17 17:35:00.018492
245,918,"19914 Jimenez Grove
Patelbury, GA 51900",2021-09-10 01:54:48.312231,2025-01-05 13:38:10.869562
246,751,"2106 Schwartz Brook
Thomasborough, AL 06429",2020-12-04 22:00:25.170548,2025-01-16 05:52:20.282983
247,986,"706 Louis Well
Jeremyport, GA 55368",2024-04-20 02:13:13.068609,2025-01-07 16:47:16.985772
248,579,"194 Joshua Springs
Kristenshire, ND 34874",2021-11-02 01:14:43.301760,2025-02-02 10:42:15.494573
249,300,"808 Miller Dam Apt. 596
New Anthonyfurt, MH 96229",2023-01-03 00:22:45.636097,2025-01-13 07:16:47.051256
250,299,"078 Mcbride Brooks Suite 454
Littlefurt, NC 94533",2020-08-20 11:15:48.898376,2025-01-09 01:00:11.729968
251,681,"93117 Reyes Plain Apt. 546
New Robin, MS 01835",2020-05-06 18:37:30.617563,2025-01-30 16:03:47.668407
252,64,"USNV Good
FPO AP 46786",2023-10-22 01:14:52.304043,2025-02-02 04:36:24.150873
253,1000,"9649 Freeman Drive
Bradleyfort, IL 07523",2024-01-09 20:24:19.888512,2025-01-14 19:09:54.377680
254,28,"226 Bray Path
Munozport, MO 12061",2021-05-31 04:59:15.705166,2025-01-10 13:30:36.340491
255,21,"359 Fisher Extension Apt. 980
Millerchester, SC 28797",2020-03-16 22:22:24.310051,2025-01-12 13:20:20.567911
256,759,"8490 Michael River
Lake Kenneth, MD 14871",2020-12-24 08:42:44.646053,2025-01-10 17:40:56.511878
257,320,"24707 Jennifer Drives Apt. 681
Jamesmouth, PA 08751",2023-12-25 15:42:15.449915,2025-01-16 18:34:18.677729
258,317,"USCGC Castro
FPO AE 15505",2021-10-27 21:24:10.063684,2025-01-29 01:38:16.821746
259,475,"PSC 4057, Box 3469
APO AA 46573",2024-02-03 01:38:03.273172,2025-01-13 17:11:35.914641
260,127,"03341 Williams Vista
New Adam, IN 67037",2020-03-28 02:01:29.352741,2025-01-05 23:27:04.187912
261,320,"5467 Neil Cliff
Leeton, MI 82680",2020-03-07 21:26:52.938699,2025-01-21 19:27:14.414337
262,867,"6610 Jason Union
New Jennifer, MN 86827",2021-10-16 14:45:39.902705,2025-01-09 05:05:46.058062
263,429,"5706 Jesse Parkways Apt. 425
Jaredberg, TX 60261",2024-03-15 05:30:08.251857,2025-01-27 23:32:10.537992
264,531,"159 Rice Ville Apt. 923
Burgessport, AZ 73642",2020-12-17 17:47:39.963562,2025-01-14 06:00:03.191092
265,515,"4734 Smith Forest
Michaelchester, SD 11943",2020-07-28 07:19:37.499916,2025-01-05 15:59:16.506158
266,939,"43147 Monique Cove Suite 356
East Michaelshire, ND 92693",2020-01-18 10:46:37.353665,2025-02-02 14:25:38.223862
267,887,"9177 Paul Highway
Castrostad, MP 34011",2021-03-14 13:00:26.179251,2025-01-13 16:00:24.865098
268,44,"403 Diaz Via Apt. 466
Clarkbury, AR 92728",2020-04-10 12:59:24.331234,2025-01-25 11:13:16.253685
269,554,"19254 Kim Hills Suite 390
East Thomasside, PW 33486",2021-01-19 15:59:28.717903,2025-01-15 17:22:18.818267
270,358,"5451 Barbara Tunnel Apt. 673
East Lisafort, PA 83510",2021-05-31 14:36:46.023284,2025-01-28 00:21:49.310708
271,251,"30158 Davis Trace Apt. 753
New Brentport, AK 22408",2024-11-30 21:19:40.658470,2025-01-07 17:23:00.234189
272,457,"082 Amy Knolls
Port Waynechester, WA 11214",2020-01-08 19:36:45.535559,2025-01-25 04:16:02.147236
273,632,"72920 Garcia Heights
Jodymouth, VT 36490",2020-01-16 00:27:08.049416,2025-02-02 10:32:25.428117
274,306,"148 Schmidt Vista
Lake Stephaniestad, NY 08309",2020-10-11 01:55:31.666065,2025-01-15 09:56:47.935816
275,837,"013 Clayton Stravenue Apt. 180
Dustinstad, NM 99789",2020-10-31 11:33:17.827144,2025-01-25 18:50:27.955518
276,224,"122 Shaw Branch Suite 935
East Sarahberg, WY 97028",2021-01-11 13:15:03.833976,2025-01-12 17:56:08.986210
277,489,"72938 Valencia Crest
Port Thomasside, WI 95959",2023-02-01 04:15:36.901078,2025-01-11 04:36:35.738075
278,300,"616 Garcia Court
Courtneychester, HI 73690",2022-09-10 17:53:45.757690,2025-01-05 09:49:00.087199
279,444,"663 Lopez Tunnel
South Kimberly, NJ 99638",2020-12-01 09:01:52.271362,2025-01-12 03:59:42.664192
280,102,"USNS Rojas
FPO AE 62235",2020-05-17 07:39:23.721369,2025-01-11 05:40:17.789367
281,59,"1658 Davenport Shore Apt. 657
East Lindaton, SC 86933",2020-09-25 23:26:43.415647,2025-01-29 09:32:55.192409
282,111,"27962 Morrison Lakes
East Lauren, NJ 86855",2020-01-26 04:29:05.282889,2025-01-18 05:51:44.742500
283,279,"260 Lynch Cliffs Apt. 864
Lake Jesseview, VA 67573",2024-03-06 11:11:27.469898,2025-01-05 00:42:35.416254
284,367,"4989 Jessica Underpass
Lunahaven, DC 21829",2021-09-10 08:08:58.414794,2025-01-23 13:28:33.375003
285,314,"184 Angela Place Apt. 494
Vincentchester, NV 68016",2023-01-19 12:19:55.978175,2025-01-25 06:45:26.676644
286,132,"91016 Mitchell Squares Suite 089
North Amy, MI 24638",2024-11-01 18:40:54.208961,2025-01-26 10:22:05.177952
287,590,"92276 Davis Junction Suite 283
Lake Chase, MA 90135",2021-07-25 12:13:49.256088,2025-01-22 16:48:46.449832
288,279,"685 Bell Falls
South Vincent, KS 96025",2024-10-06 08:55:37.080841,2025-01-22 14:18:36.335712
289,307,"4335 Wright Station Suite 653
Cruzside, AZ 09943",2021-11-17 02:33:01.139611,2025-02-03 16:18:58.003613
290,824,"1715 Valerie Meadow Suite 951
Dylanshire, VA 40306",2021-01-09 02:03:42.108422,2025-01-30 13:17:06.317667
291,225,"PSC 0750, Box 5156
APO AA 30541",2022-02-13 12:34:34.271852,2025-01-12 02:55:25.368130
292,500,"919 Reginald Circle
Laurenville, MH 37401",2020-10-20 07:44:40.854774,2025-01-12 05:28:57.714476
293,39,"497 Paul Ways Apt. 336
Riveraside, WI 47603",2021-08-18 03:59:45.766117,2025-01-01 09:27:01.783075
294,604,"2311 Rhodes Estate
West Angela, MO 21632",2022-10-18 01:30:22.989489,2025-01-20 13:16:06.949866
295,388,"71587 Foster Stravenue
Burtonborough, NH 05085",2024-04-01 20:59:57.606073,2025-01-25 03:16:26.365726
296,759,"Unit 2773 Box 5740
DPO AP 55775",2021-06-15 11:51:11.595786,2025-01-06 01:56:45.424291
297,762,"098 Brock Corner Apt. 044
South John, ME 84529",2024-11-27 20:11:17.977070,2025-01-26 23:07:21.593098
298,973,"56753 Henderson Valley
Lake Olivia, NJ 30846",2023-08-01 07:33:33.954153,2025-01-04 09:49:23.813288
299,448,"801 Yvonne Trafficway Apt. 827
North Jared, SC 99229",2020-09-24 09:56:23.948885,2025-02-01 12:18:24.518422
300,144,"63819 Valdez Village
West Tiffany, FM 68729",2022-11-21 02:24:37.788669,2025-01-18 19:45:44.055039
301,197,"147 Brian Burgs
Rogersview, IN 11652",2021-08-18 06:48:44.627416,2025-01-19 01:41:10.884936
302,427,"92281 Davidson Path Suite 548
North Jamie, ID 99622",2020-09-13 21:15:37.937616,2025-01-09 15:25:30.414370
303,774,"598 Tonya Isle
Josechester, SC 45086",2020-03-25 21:15:07.716600,2025-01-22 16:53:52.883260
304,267,"75923 Clark Loaf Apt. 928
South Jeffreyberg, KS 25373",2020-11-16 07:53:04.166366,2025-02-03 16:44:09.929352
305,153,"USS Soto
FPO AA 29335",2024-03-18 11:53:55.486576,2025-01-07 00:40:14.434872
306,830,"256 Maria Trail Suite 962
East Andrea, DE 63291",2024-07-22 00:07:14.193287,2025-01-08 19:03:42.293031
307,828,"705 Fritz Isle Suite 490
New Kimberly, NC 72215",2023-01-06 17:56:17.669120,2025-02-02 13:34:12.103949
308,981,"00735 Marks Fields Suite 567
East Terri, NC 59687",2024-02-28 12:38:36.015656,2025-01-28 15:30:17.155223
309,994,"7405 Stephens Forges
Lake Sherryside, OR 79644",2024-04-08 08:27:41.504783,2025-02-03 12:49:34.832430
310,187,"6307 Hailey Stravenue
Ariasside, NC 72574",2023-05-16 23:31:18.446684,2025-01-02 16:09:12.609103
311,130,"Unit 4748 Box 8751
DPO AA 46675",2024-01-20 11:25:29.729110,2025-02-01 23:39:31.245768
312,254,"Unit 5653 Box 2205
DPO AE 72245",2022-08-12 03:17:38.621782,2025-01-30 09:16:18.925905
313,416,"425 Matthew Forks
Tiffanybury, MH 22157",2022-04-18 03:57:13.458184,2025-01-26 14:22:21.708309
314,710,"194 Donald Viaduct Suite 685
North Taraland, DE 16910",2022-10-05 11:47:36.152789,2025-01-11 20:06:30.243703
315,69,"81021 Kim Common
Kevinhaven, MT 23097",2020-07-18 14:16:59.380023,2025-01-26 23:39:38.238441
316,652,"0834 Griffin Gateway
Gallagherport, AL 85638",2024-02-07 05:05:53.305375,2025-01-18 12:03:23.537641
317,473,"PSC 2155, Box 8199
APO AE 67408",2023-05-28 01:13:52.393491,2025-01-29 11:40:12.106954
318,437,"51300 Michelle Turnpike Apt. 328
West Thomas, ND 71695",2022-04-25 16:38:56.936641,2025-01-03 21:02:53.812312
319,885,"24071 Johnson Tunnel
South Jasmineberg, AR 20749",2022-01-06 08:24:04.964376,2025-01-22 06:19:11.345185
320,303,"1177 Petersen Valley
Denisefurt, VA 12539",2021-10-10 03:37:47.777625,2025-01-12 18:19:11.917377
321,253,"49400 Johnson Plaza Suite 595
Crosshaven, VT 09050",2021-06-16 12:33:18.443832,2025-01-28 05:29:57.988663
322,584,"5117 Garrett Cove Suite 080
Nelsontown, PW 36637",2021-10-31 01:23:04.788012,2025-01-07 05:21:24.844283
323,540,"59252 Amanda Plaza Apt. 622
Jessemouth, AZ 84601",2023-03-08 16:54:03.393569,2025-01-13 00:22:13.570879
324,420,"0086 Michelle Junctions
West Kristenstad, KY 07806",2020-09-29 10:13:58.830992,2025-01-05 10:54:17.622326
325,648,"227 Hernandez Port
Coleland, AS 94216",2021-05-08 21:30:21.671009,2025-01-22 01:30:40.905305
326,55,"0247 Mitchell Circle Apt. 091
North Randy, IL 58795",2023-10-03 22:09:49.822958,2025-01-27 19:48:07.044778
327,73,"913 Heather Tunnel Suite 040
Adamsshire, ID 68482",2023-01-14 03:08:08.127803,2025-01-28 06:48:29.352679
328,710,"52914 Christopher Square Apt. 918
North Tammy, LA 49264",2020-06-22 03:23:39.699082,2025-01-25 14:16:46.520274
329,569,"79885 Paul Drives
Johnfurt, AR 55896",2023-09-25 12:22:04.170794,2025-01-11 03:35:17.647432
330,153,"75071 Mann River
Lisaport, FM 38762",2020-09-20 02:42:33.689677,2025-01-19 14:24:28.406252
331,870,"07256 Dana Trail
South Jeremy, FM 77782",2023-01-02 20:11:07.429639,2025-01-30 08:45:17.676213
332,888,"60174 Davies Circle
Gomezhaven, CT 66623",2023-03-22 02:42:46.434488,2025-02-01 15:23:33.442310
333,404,"24402 Castro Common
North Jacob, KY 64848",2022-08-13 16:27:20.687106,2025-01-02 07:46:03.409247
334,64,"887 Marilyn Mountain Apt. 814
East James, TN 22707",2022-05-04 03:29:46.151304,2025-01-03 11:12:33.118230
335,437,"5222 Ray Extension
Frostside, LA 95109",2020-02-18 18:05:42.464185,2025-01-31 23:33:03.008572
336,306,"087 Thompson Bridge Apt. 363
Smithmouth, KS 12205",2024-01-14 01:27:49.670501,2025-01-06 03:38:30.740841
337,340,"209 Scott Wells Suite 903
South Bethstad, KY 87258",2022-03-17 18:29:26.956669,2025-01-23 20:10:42.479495
338,290,"34939 Lisa Glens
Knappmouth, FL 25379",2020-10-31 01:19:44.247049,2025-01-16 17:43:47.789221
339,615,"7563 Santos Walk Apt. 167
Jonesside, MD 42508",2020-08-11 19:07:44.006440,2025-01-01 16:40:56.891666
340,179,"30991 Trujillo Stream
Scottland, IL 69141",2024-06-25 16:29:31.195026,2025-01-08 01:29:37.201992
341,32,"90983 Jennifer Trafficway Suite 660
West Morgan, CO 72781",2022-04-14 10:13:23.750569,2025-02-02 06:12:04.540719
342,876,"7349 Jose Crescent
Karentown, ID 51595",2022-04-17 03:50:34.941990,2025-01-08 23:14:44.982995
343,108,"14080 Santiago Expressway
Douglasburgh, NV 38659",2020-06-25 06:06:47.339377,2025-02-02 22:05:26.730633
344,589,"0997 Rivera Parkway
Perkinsborough, WI 16659",2021-10-10 00:17:39.254634,2025-01-21 18:08:31.286471
345,348,"USCGC Eaton
FPO AA 88965",2022-11-30 04:50:25.833471,2025-01-17 22:49:23.493456
346,949,"173 Murphy Well
North Sarahstad, NJ 40264",2022-12-16 00:19:44.085705,2025-01-26 06:08:30.347670
347,173,"73333 Jessica Curve Apt. 094
Martinezton, AS 43543",2020-12-14 09:21:29.481313,2025-01-14 21:36:13.705101
348,7,"USNV Pena
FPO AA 58094",2023-11-16 04:48:32.485130,2025-01-03 22:27:24.637485
349,591,"9852 Kyle Spring Suite 306
North Brentville, AZ 35344",2021-05-17 15:32:53.476104,2025-01-30 06:35:43.203001
350,798,"744 Gregory Tunnel
Port Jennifer, MP 48485",2022-12-13 02:26:44.288716,2025-01-16 18:36:46.050338
351,690,"5290 Dunlap Cove
Codymouth, NM 67537",2020-11-15 10:05:20.046545,2025-01-22 18:50:26.584821
352,94,"485 John Flat Apt. 202
Port Robert, IN 42830",2023-10-13 06:38:36.832751,2025-01-29 04:23:10.354248
353,958,"3152 Billy River
East Larry, PW 17111",2020-09-25 17:09:59.862421,2025-01-26 17:36:51.591794
354,780,"433 Ford Inlet
East Loriview, FL 92921",2023-02-23 16:19:07.167321,2025-01-20 07:55:13.609973
355,390,"8693 Tina Dam Apt. 954
Stewartville, VA 45563",2021-04-26 16:55:19.070521,2025-02-03 21:48:32.823045
356,7,"988 Troy Extension
Griffithfurt, MO 97129",2024-05-24 02:34:33.158051,2025-01-20 08:54:59.242764
357,886,"0342 Walker Locks Suite 457
New Cindy, FL 72728",2024-06-02 13:12:02.373128,2025-01-09 05:13:46.512475
358,458,"73176 Hoover Bypass Apt. 352
Simmonschester, MH 60298",2024-12-21 18:04:22.391595,2025-01-16 14:52:30.767395
359,619,"484 Ortega Square
Perezton, CO 72681",2025-01-24 11:28:08.183510,2025-01-25 05:54:07.306441
360,279,"1563 Mills Canyon Suite 120
Karenside, DE 53926",2022-06-18 07:06:29.291714,2025-01-31 09:18:04.807007
361,59,"265 Hunt Cliff
North Meganside, OK 01678",2022-07-02 09:21:56.112562,2025-01-27 13:35:45.754625
362,839,"5184 Mcgee Glen Suite 779
North Sarah, AS 44641",2022-06-17 20:41:49.480629,2025-01-12 17:02:30.996528
363,939,"590 Rasmussen Corners Suite 788
Bakerborough, HI 17365",2021-05-30 07:20:56.183330,2025-01-25 23:13:44.802243
364,165,"52267 Alexander Oval Apt. 120
Mathiston, WY 43914",2023-02-02 13:08:25.528528,2025-01-22 08:31:58.030731
365,375,"USCGC Washington
FPO AP 58341",2023-06-16 21:02:12.398555,2025-01-30 16:53:46.191401
366,770,"35788 Mcdonald Parks Apt. 446
Rodriguezfort, TX 61283",2020-11-17 18:56:53.001829,2025-01-17 03:42:31.387369
367,883,"Unit 6953 Box 9647
DPO AA 07574",2020-01-04 09:32:18.772966,2025-02-01 12:15:16.388386
368,848,"5736 Christopher Squares
New Cynthia, VI 30383",2023-04-06 10:02:53.268164,2025-01-20 02:52:47.460126
369,533,"2307 Johnson Harbors
Joseberg, LA 31413",2023-08-12 00:53:30.660263,2025-01-24 23:32:07.876358
370,879,"USS Moran
FPO AE 66166",2020-05-18 00:20:18.281845,2025-01-03 03:27:51.002589
371,263,"1987 Gonzalez Center Apt. 273
West Robertchester, MP 08592",2024-07-05 17:23:55.456139,2025-01-23 11:57:54.616035
372,121,"USNS King
FPO AE 62498",2020-08-04 23:51:54.555853,2025-02-03 14:09:48.765342
373,625,"75941 Tracy Flat Apt. 351
Proctorchester, VA 93489",2023-02-27 04:53:49.068534,2025-01-29 09:48:50.377192
374,362,"57772 Ryan Glens Suite 048
Christopherchester, AS 87292",2020-05-25 23:26:41.172330,2025-01-07 05:47:38.567307
375,675,"72011 Wilson Rapids Apt. 964
Kramershire, KY 03201",2022-09-08 18:56:55.571023,2025-01-04 11:55:29.976511
376,862,"6788 Allen Road
Leeland, NJ 70458",2025-01-23 20:38:56.841997,2025-01-12 19:32:59.533712
377,314,"9565 Bartlett Lock
Currystad, MI 37465",2023-04-04 04:17:26.339399,2025-01-12 21:15:49.228874
378,250,"6304 Garcia Mountains Apt. 705
West Kimberly, AR 73776",2023-10-23 13:27:30.067149,2025-01-10 06:23:48.499262
379,979,"48123 Campos Mountains
Josephbury, OK 19574",2020-12-02 11:52:45.831318,2025-01-03 09:18:13.558715
380,517,"37372 Gary Underpass Apt. 036
New Amy, MN 61828",2022-01-12 18:29:21.760830,2025-02-03 23:10:30.602435
381,42,"775 Amy Squares Apt. 881
South Brian, GA 26525",2020-11-04 07:27:52.940324,2025-01-20 13:26:47.157187
382,662,"58408 Watson Shores Suite 005
Brandonburgh, OK 64774",2021-10-24 10:00:09.047541,2025-01-27 20:55:42.450696
383,822,"Unit 7294 Box 9143
DPO AA 79676",2020-01-12 23:01:21.852658,2025-01-16 06:18:45.397953
384,59,"77151 Robinson Lakes
Lake Christopherburgh, ME 02727",2024-04-16 01:51:15.292606,2025-01-01 14:46:34.585347
385,779,"611 Thompson Springs
Jonestown, CO 74710",2024-04-21 15:48:48.500165,2025-01-05 05:07:04.822521
386,728,"7594 Carpenter Parks Suite 068
Thomasport, VT 25694",2023-06-22 15:24:43.382014,2025-02-02 19:20:24.407562
387,521,"580 Laurie Junction
Craigton, RI 90820",2023-07-10 00:57:14.756813,2025-01-03 02:44:08.890888
388,788,"426 Cruz Knoll Suite 960
Port Dennis, OR 38816",2020-03-30 05:50:21.684387,2025-01-01 18:54:20.854968
389,359,"5761 Wanda Knolls Suite 726
Kathyfort, ID 23911",2020-05-29 09:36:05.349956,2025-01-21 22:59:29.267516
390,420,"2716 Walker Cliffs
Danielshire, OK 65171",2022-01-28 09:51:39.645107,2025-01-02 01:31:39.165587
391,388,"23614 Michael Point Suite 082
Wallacehaven, MH 34165",2024-11-12 02:45:14.026753,2025-01-03 00:20:06.822669
392,177,"64062 Christopher Center
Michaelmouth, FM 07955",2023-09-17 16:17:39.329087,2025-01-11 11:42:35.371593
393,373,"5559 Barr Square Suite 394
Davidland, NM 94935",2020-06-05 00:03:40.937706,2025-01-05 18:38:02.903623
394,490,"00408 Fields Circle Apt. 037
Bobland, VA 86036",2024-01-11 18:21:17.583111,2025-01-24 20:05:59.198689
395,896,"5102 David Highway
Mcdanielberg, GA 93168",2022-12-11 15:32:28.916981,2025-01-20 19:41:18.773144
396,555,"0947 Davis Rest Apt. 502
Benjaminborough, UT 25494",2025-01-04 01:28:23.430928,2025-01-19 05:03:47.253208
397,376,"67648 Jacob Pike
Alyssastad, NE 63845",2022-01-08 04:03:05.758971,2025-01-12 07:03:03.850379
398,758,"3262 Karen Route Apt. 144
Benjaminton, RI 49053",2020-02-16 00:46:47.129671,2025-01-24 10:37:18.928347
399,63,"7860 Braun Course Suite 916
Markhaven, SC 92494",2021-04-24 06:21:42.128337,2025-01-15 15:47:41.835726
400,226,"70954 Morris Plains
Donaldbury, PR 06452",2024-03-02 16:15:09.078760,2025-01-24 14:04:57.909820
401,896,"3566 Cody Stream Suite 148
Meganton, MA 32627",2021-09-24 00:42:44.018038,2025-01-02 07:27:18.842233
402,679,"746 Justin Corner Suite 383
New Seth, LA 98463",2024-09-22 11:27:46.777354,2025-01-22 05:54:05.245034
403,874,"0628 Schultz Haven
Colleenton, AZ 93980",2022-03-13 19:57:13.227065,2025-01-22 17:23:39.380385
404,879,"3303 Powers Mews Apt. 586
Codyside, NV 05018",2022-05-14 21:28:21.372585,2025-01-08 05:04:30.354096
405,999,"Unit 8720 Box 5513
DPO AE 97348",2021-06-15 02:09:07.883206,2025-01-18 23:01:45.189298
406,252,"7745 Chelsea Drive
West Elizabeth, NE 78598",2025-01-11 08:49:36.829328,2025-01-03 12:35:28.633346
407,438,"9384 Gregory Springs
Mitchellborough, MO 55527",2023-05-02 14:25:11.427388,2025-01-09 12:50:44.134863
408,408,"88971 Christopher Turnpike
Millston, NV 20551",2022-02-16 06:01:23.665871,2025-01-20 00:03:01.436903
409,817,"659 Herrera Place
Port Jose, MD 46464",2022-09-28 14:35:18.331638,2025-01-15 06:09:40.301440
410,349,"070 Gail Street
North Bryan, MN 35166",2022-07-23 03:53:20.113428,2025-01-26 11:31:55.899297
411,898,"911 Stephanie Freeway
Lake Suzanne, MP 02496",2023-03-18 15:57:09.712003,2025-01-08 13:41:08.462951
412,712,"074 Rollins Parkway Apt. 833
South Jessicamouth, MH 49970",2024-08-17 13:01:33.020848,2025-01-22 09:19:03.779297
413,673,"1295 Bullock Isle
Thomaston, MO 06340",2021-01-25 18:08:40.378509,2025-02-01 19:23:35.920221
414,438,"781 Annette Freeway Apt. 956
West Aaron, AZ 79033",2020-03-30 02:01:53.972897,2025-01-11 10:50:08.978700
415,923,"5300 Trevino Circles Apt. 141
Ortegaland, VI 44278",2023-05-26 00:32:54.106435,2025-01-05 19:59:30.690286
416,174,"172 Michele Via
Stewartmouth, ME 56666",2022-07-18 07:02:28.031520,2025-01-22 22:38:11.515677
417,916,"39734 Wilson Green Suite 855
Lorraineville, AK 06966",2020-03-07 04:49:01.868441,2025-01-17 17:02:35.883498
418,986,"83246 Frazier Plains Apt. 296
Brentmouth, VA 36012",2023-03-25 08:51:18.109803,2025-01-25 08:42:43.445619
419,403,"5380 Allen Overpass
West Walter, AS 74039",2022-08-09 22:22:42.987827,2025-02-01 09:27:14.436324
420,625,"04840 Dana Manors Apt. 173
North Amyport, ID 13449",2024-10-20 22:36:04.591167,2025-01-10 22:48:40.998258
421,518,"530 John Ferry
New Claudiastad, MD 26421",2024-10-16 21:56:55.979845,2025-01-31 12:33:10.075321
422,845,"350 Russo Dale Suite 179
Austinberg, DC 18380",2023-06-15 14:17:02.353049,2025-01-10 20:39:22.579092
423,702,"76927 Rogers Trace Apt. 776
Loweville, AS 68319",2022-02-25 00:38:31.297363,2025-01-18 12:47:21.111666
424,794,"0786 Amber Route Apt. 725
Mahoneyville, VI 14323",2021-09-05 04:06:33.069891,2025-01-03 02:39:45.193157
425,335,"944 Jackson Plaza Suite 870
South Jacobton, AR 39165",2020-07-18 02:37:50.129792,2025-01-21 04:34:45.277060
426,782,"820 Ronnie Station
Hansenshire, TN 94071",2023-09-09 23:02:08.019193,2025-01-02 20:34:45.356411
427,49,"046 Petersen Turnpike
East Tara, NM 35961",2024-05-15 06:37:49.401697,2025-01-19 00:17:12.038281
428,698,"76642 Alex Trace
Melissaborough, AZ 02492",2021-12-10 21:19:07.448230,2025-01-07 06:45:03.397944
429,819,"2336 Jessica Pine Apt. 200
Whitneymouth, WV 73534",2020-06-03 13:29:03.350779,2025-01-03 00:00:49.454791
430,53,"43349 Patricia Burgs
East Jennifertown, WY 70545",2021-03-27 01:41:34.621657,2025-01-19 05:24:57.919250
431,389,"86755 Daniel Overpass Apt. 988
Williamsport, AK 09636",2022-11-21 22:59:14.057467,2025-01-14 06:03:19.027323
432,497,"9182 Patrick Ports Suite 745
Dixonland, DE 05960",2021-11-24 19:40:35.431329,2025-01-08 17:29:05.162883
433,612,"PSC 1550, Box 6972
APO AE 06557",2020-11-17 01:31:07.208136,2025-01-22 09:59:26.554059
434,907,"7405 Isaac Via Apt. 604
South Lindaburgh, VI 39924",2023-06-27 19:42:58.978693,2025-01-24 21:59:13.121513
435,422,"34121 Teresa Village
Terrellport, NJ 64214",2022-04-14 10:27:49.773718,2025-01-29 08:16:07.622012
436,970,"35908 Hawkins Plaza Apt. 240
West Michelleshire, DE 07796",2020-12-16 09:34:11.501194,2025-01-13 08:18:18.882412
437,753,"331 Hayes Island
South Richard, ND 77663",2022-05-01 18:27:39.665683,2025-01-24 21:09:41.635949
438,740,"1977 Alisha Ridge Apt. 191
Silvaland, MH 12122",2022-07-04 07:39:52.668625,2025-01-22 06:30:49.148633
439,453,"600 Bean Mission Suite 558
Juliafurt, NC 99649",2021-02-26 05:11:52.563207,2025-01-23 21:06:18.884938
440,838,"8783 Andrew Bridge Suite 210
East Glennberg, CO 04609",2023-11-27 21:16:49.209091,2025-01-27 02:33:08.634676
441,995,"81135 Hector Shoal
East Leslie, MO 76122",2020-12-14 21:56:51.406083,2025-01-18 21:30:05.319240
442,70,"899 Kayla Ridge Apt. 606
Jeffreyton, AL 14473",2022-07-17 14:08:32.025819,2025-01-08 11:02:53.927315
443,33,"114 Wilson Crest
Christopherland, DC 56376",2020-07-17 17:38:07.028314,2025-01-01 07:22:51.967619
444,754,"07364 Rowe Trace
Port Carolinestad, IL 29030",2020-06-29 00:40:41.675366,2025-01-16 02:18:00.527726
445,354,"730 Lynn Trail
Marshallside, VI 92701",2022-01-12 12:34:25.559619,2025-01-22 00:26:05.468053
446,324,"069 Davis Trafficway
Escobarshire, VI 38059",2022-09-19 15:47:20.758813,2025-02-01 18:11:33.460469
447,591,"1968 Alex Village
Port Erinmouth, WV 12740",2021-07-01 03:40:26.172384,2025-01-24 21:12:38.588466
448,470,"903 Hannah Views
North Angelicastad, SD 27869",2020-10-14 01:45:27.362573,2025-01-06 07:17:30.678890
449,9,"PSC 7331, Box 6611
APO AA 48168",2022-01-15 03:07:20.895185,2025-01-30 01:06:49.093164
450,327,"7347 Bryan Mountain
Campbelltown, NH 94117",2022-12-16 07:04:36.681645,2025-01-25 11:11:22.946695
451,972,"730 Martin Summit Apt. 742
Mitchelltown, TX 50412",2020-06-23 19:00:25.953500,2025-01-11 10:28:21.126728
452,516,"358 Dickson Rue
Cherryhaven, ME 38763",2023-06-30 20:48:09.104566,2025-01-12 07:39:59.961024
453,154,"Unit 7375 Box 4341
DPO AE 27135",2022-04-16 22:16:37.879333,2025-01-31 21:25:56.371820
454,50,"Unit 7886 Box 3726
DPO AP 65805",2023-11-13 00:19:30.589649,2025-01-06 14:22:54.367903
455,343,"56562 Jackson Lodge
Danielmouth, TN 42951",2020-04-10 09:36:29.223390,2025-02-01 22:13:09.699053
456,230,"38527 Ortiz Lodge
Lake Anthony, NH 53156",2023-02-11 09:39:36.473510,2025-01-25 06:54:28.472385
457,825,"27183 Nielsen Roads Suite 056
Owensland, AS 29560",2021-03-24 06:02:56.407197,2025-01-30 08:12:30.123224
458,257,"PSC 8163, Box 7506
APO AE 44475",2021-05-08 01:38:53.877367,2025-02-02 07:45:37.614635
459,416,"5430 Daniel Creek Suite 209
Washingtonfort, PA 43686",2024-06-29 10:51:06.395720,2025-01-10 19:21:11.791844
460,723,"PSC 4915, Box 4719
APO AA 18605",2022-12-22 00:43:17.724346,2025-01-10 00:52:15.049912
461,626,"2577 Walker Port
Heidifort, DC 29161",2021-05-08 03:25:34.636432,2025-01-14 09:02:49.412779
462,679,"5313 Jeffrey Corners Suite 508
Port Emmaview, NV 25355",2020-09-01 15:14:10.939857,2025-01-27 06:42:24.204353
463,585,"3296 Mendez Way
Dianeport, AL 14206",2021-01-02 05:09:41.522269,2025-01-01 03:08:40.772907
464,482,"10407 Greene Knolls Suite 498
Michaelbury, AZ 40322",2022-06-13 02:31:15.223549,2025-01-26 16:05:59.198235
465,910,"27308 Carrillo Bridge
North Vanessa, AL 97445",2024-10-11 10:30:34.338624,2025-01-14 11:39:08.862393
466,518,"4788 Kyle Mountain Apt. 699
South Tiffany, OH 46944",2021-10-28 22:05:40.552285,2025-01-17 15:12:05.942373
467,238,"08179 Green Station Suite 908
West Johnberg, MN 32457",2024-08-26 01:13:45.992362,2025-01-27 06:28:08.261245
468,248,"1015 Chad Rue Suite 464
West Christine, WA 90811",2024-01-01 19:51:27.247613,2025-01-23 23:52:37.963085
469,119,"60288 Thompson Village Suite 415
Delgadomouth, MH 10234",2024-06-05 14:18:15.941129,2025-01-26 00:40:28.917208
470,867,"42440 Amy Row Apt. 067
Rochaland, MS 01308",2023-05-24 21:30:26.397323,2025-01-03 10:59:14.252230
471,672,"251 Juan Vista
Acostaborough, IL 05676",2021-12-04 14:18:17.228239,2025-01-08 08:57:32.821721
472,156,"0731 Riley Drives Apt. 586
Gregoryhaven, WI 56918",2023-06-19 08:54:55.493102,2025-01-19 11:01:27.560691
473,247,"255 Parker Ports
Yangburgh, CA 72633",2021-12-19 23:32:24.087932,2025-01-05 01:13:11.318454
474,44,"0044 Amanda Causeway
South Meganside, TN 27666",2021-09-17 16:39:24.396989,2025-01-02 04:31:08.307816
475,514,"2138 John Points
Parkerborough, SD 91259",2022-12-09 19:51:44.262644,2025-01-14 15:41:45.113960
476,418,"1644 Nathaniel Summit Suite 691
West Danport, FM 55979",2021-09-07 05:45:08.237279,2025-01-26 10:20:38.239403
477,692,"89665 Washington Circles Suite 640
Kimberlymouth, NY 88688",2021-07-08 05:29:31.172946,2025-01-06 08:41:25.862471
478,876,"7372 Nguyen Islands
Mariestad, AK 42774",2024-01-27 01:23:34.831422,2025-02-01 00:37:07.736307
479,884,"04570 Ho Junction
Gravesview, GA 21779",2023-08-25 12:28:11.773119,2025-01-28 22:06:32.700200
480,133,"027 Katie Parkway
New Alexside, KY 55253",2025-01-02 07:22:59.666939,2025-01-04 00:04:25.059590
481,111,"6733 Doyle Lane
Oliviahaven, FM 60228",2023-05-26 16:52:07.945132,2025-01-19 05:32:24.624469
482,116,"323 Pamela Loaf
East Rebeccaton, ND 21137",2021-07-30 22:43:04.799861,2025-01-18 10:19:24.591180
483,94,"734 Madison Ramp Suite 543
New Jeremyhaven, WY 43485",2021-11-20 12:56:29.078434,2025-01-12 04:43:25.422240
484,738,"763 Burke Hills
Teresabury, CO 55121",2021-01-12 07:58:19.067337,2025-01-16 07:50:03.997459
485,594,"Unit 6181 Box 6170
DPO AA 09589",2023-06-28 08:56:26.858295,2025-01-18 15:46:03.312114
486,700,"USNS Lawrence
FPO AE 29108",2022-03-04 17:01:40.371344,2025-01-12 02:27:05.514571
487,678,"11252 Mayer Prairie
Port Gregoryton, SD 68794",2023-11-21 00:23:15.626358,2025-01-17 13:28:37.888435
488,300,"91101 Mckee Center
Martinberg, WI 25453",2024-12-23 05:29:06.600324,2025-01-16 18:05:25.318226
489,675,"89260 Gregory Ranch
Ambertown, GA 51971",2022-11-17 06:26:57.895401,2025-01-28 02:22:35.793118
490,622,"25703 Nelson Plaza
Ericburgh, ME 91584",2023-07-28 21:58:20.988088,2025-02-03 19:01:21.613147
491,446,"05063 Sara Mountain
Port Patrick, WV 76042",2022-08-21 15:44:33.311431,2025-02-04 06:53:28.320329
492,982,"Unit 8626 Box 0802
DPO AA 63594",2024-08-05 22:32:54.471066,2025-01-17 09:56:19.275542
493,779,"42443 Williams Knolls Apt. 671
Sandershaven, NJ 62528",2022-07-23 18:23:18.928036,2025-01-16 18:29:19.861036
494,451,"56653 Rodriguez Village Apt. 384
East John, NY 97688",2020-08-27 03:48:33.720764,2025-01-10 03:04:55.595688
495,879,"913 Rodriguez Station Apt. 118
Stevenport, DC 98393",2022-08-29 23:27:39.329740,2025-02-01 18:32:08.286078
496,127,"Unit 4488 Box 8803
DPO AA 26695",2020-03-06 16:16:02.580690,2025-01-23 15:32:02.305868
497,970,"5716 Montoya Rue
Christophertown, NH 24053",2023-10-28 19:27:42.217073,2025-01-21 08:26:49.562927
498,322,"15591 Miles Isle Suite 731
North Jeremiah, OH 46677",2022-06-17 07:32:42.561934,2025-01-27 08:06:22.565757
499,643,"7695 Sarah Orchard Suite 635
Kimberlyfort, WY 55486",2020-03-05 01:55:49.832505,2025-01-15 07:09:07.924008
500,942,"1904 Jackson Crescent
Andersonland, FL 79879",2022-12-27 15:04:51.105433,2025-01-24 20:37:31.697861
